center, image, title, link ,press, regidate
머니투데이, https://thumb.mt.co.kr/04/2022/10/2022101911194947269_1.jpg, 대우건설  재한베트남인 지원…베트남 사찰 원오사에 '심터' 건립, https://news.mt.co.kr/mtview.php?no=2022101911194947269&type=2&sec=estate&pDepth2=Etotal, 배규민 기자, 2022.10.19 11:41
머니투데이, https://thumb.mt.co.kr/04/2022/10/2022101910513943994_1.jpg, 현대건설  국내 처음 미국 소형모듈원전 상용화 모델 설계 착수, https://news.mt.co.kr/mtview.php?no=2022101910513943994&type=2&sec=estate&pDepth2=Etotal, 배규민 기자, 2022.10.19 11:17
머니투데이, https://thumb.mt.co.kr/04/2022/10/2022101911085628224_1.jpg, 규제 풀린 지방  최중심지 주목…'쌍용 더 플래티넘 여수35' 분양, https://news.mt.co.kr/mtview.php?no=2022101911085628224&type=2&sec=estate&pDepth2=Etotal, 조성준 기자, 2022.10.19 11:14
머니투데이, https://thumb.mt.co.kr/04/2022/10/2022101911030481306_1.jpg, 열차 내 폭행  피해자 합의해도 최대 3년형 받는다, https://news.mt.co.kr/mtview.php?no=2022101911030481306&type=2&sec=estate&pDepth2=Etotal, 이민하 기자, 2022.10.19 11:13
머니투데이, https://thumb.mt.co.kr/04/2022/10/2022101910544083329_1.jpg, GS건설  울진군에 원자력 청정수소 플랜트 짓는다, https://news.mt.co.kr/mtview.php?no=2022101910544083329&type=2&sec=estate&pDepth2=Etotal, 유엄식 기자, 2022.10.19 11:07
머니투데이, https://thumb.mt.co.kr/04/2022/10/2022101910340650675_1.jpg, DL이앤씨·카본코  울진군과 원자력 청정수소 사업 '맞손', https://news.mt.co.kr/mtview.php?no=2022101910340650675&type=2&sec=estate&pDepth2=Etotal, 유엄식 기자, 2022.10.19 10:57
머니투데이, https://thumb.mt.co.kr/04/2022/10/2022101910110187141_1.jpg, [단독]류긍선 카카오모빌리티 사장  21일 국토부 국감 자진 출석, https://news.mt.co.kr/mtview.php?no=2022101910110187141&type=2&sec=estate&pDepth2=Etotal, 이민하 기자, 2022.10.19 10:56
머니투데이, https://thumb.mt.co.kr/04/2022/10/2022101910235289196_1.jpg, SK에코플랜트  반도체 제조 핵심 초순수 사업 진출, https://news.mt.co.kr/mtview.php?no=2022101910235289196&type=2&sec=estate&pDepth2=Etotal, 배규민 기자, 2022.10.19 10:49
머니투데이, https://thumb.mt.co.kr/04/2022/10/2022101910044972288_1.jpg, 현대엔지니어링  2022년 기술 콘퍼런스 개최, https://news.mt.co.kr/mtview.php?no=2022101910044972288&type=2&sec=estate&pDepth2=Etotal, 유엄식 기자, 2022.10.19 10:19
머니투데이, https://thumb.mt.co.kr/04/2022/10/2022101909253055123_1.jpg, 임대주택 서류 없이 신청한다… 공공마이데이터 시범 적용, https://news.mt.co.kr/mtview.php?no=2022101909253055123&type=2&sec=estate&pDepth2=Etotal, 김희정 기자, 2022.10.19 10:07
머니투데이, https://thumb.mt.co.kr/04/2022/10/2022101909513987081_1.jpg, 둔촌주공 사태 영향...롯데건설  2000억 유상증자, https://news.mt.co.kr/mtview.php?no=2022101909513987081&type=2&sec=estate&pDepth2=Etotal, 유엄식 기자, 2022.10.19 09:57
머니투데이, https://thumb.mt.co.kr/04/2022/10/2022101908365335340_1.jpg, "대출이자 감당 못해"…경기도 아파트도 월세만 찾는다, https://news.mt.co.kr/mtview.php?no=2022101908365335340&type=2&sec=estate&pDepth2=Etotal, 유엄식 기자, 2022.10.19 08:39
머니투데이, https://thumb.mt.co.kr/04/2022/10/2022101822464333483_1.jpg, "사업비 토해라" vs "시공사 교체"…그때그때 달라지는 갑을관계, https://news.mt.co.kr/mtview.php?no=2022101822464333483&type=2&sec=estate&pDepth2=Etotal, 배규민 기자, 2022.10.19 08:00
머니투데이, https://thumb.mt.co.kr/04/2022/10/2022101822392528986_1.jpg, "일단 착공부터" 첫삽 뜨면 늘어나는 공사비...둔촌 사태 또 터진다, https://news.mt.co.kr/mtview.php?no=2022101822392528986&type=2&sec=estate&pDepth2=Etotal, 방윤영 기자, 2022.10.19 07:00
머니투데이, https://thumb.mt.co.kr/04/2022/10/2022101811384595728_4.jpg, 6억 '뚝' 은마 웃는 이유…집값 급락이 재건축 청신호 켰다?[부릿지], https://news.mt.co.kr/mtview.php?no=2022101811384595728&type=2&sec=estate&pDepth2=Etotal, 조성준 기자, 2022.10.19 05:10
머니투데이, https://thumb.mt.co.kr/04/2022/10/2022101818111680751_1.jpg, HDC현대산업개발  광주 화정아이파크 주거지원 최종 합의, https://news.mt.co.kr/mtview.php?no=2022101818111680751&type=2&sec=estate&pDepth2=Etotal, 배규민 기자, 2022.10.18 18:26
머니투데이, https://thumb.mt.co.kr/04/2022/10/2022101814181690320_1.jpg, 되풀이하는 공사비 갈등  악순환 고리 어떻게 끊을까, https://news.mt.co.kr/mtview.php?no=2022101814181690320&type=2&sec=estate&pDepth2=Etotal, 유엄식 기자, 2022.10.18 17:00
머니투데이, https://thumb.mt.co.kr/04/2022/10/2022101716235349125_1.jpg, 사업비 칼자루 쥔 '시공사'…갑·을 관계 '이것' 따라 달라진다, https://news.mt.co.kr/mtview.php?no=2022101716235349125&type=2&sec=estate&pDepth2=Etotal, 배규민 기자, 2022.10.18 16:55
머니투데이, https://thumb.mt.co.kr/04/2022/10/2022101716535466537_1.jpg, "대법 판결도 무시하는데"...조합 돕는 공공지원제도  무색한 이유, https://news.mt.co.kr/mtview.php?no=2022101716535466537&type=2&sec=estate&pDepth2=Etotal, 유엄식 기자, 2022.10.18 16:50
머니투데이, https://thumb.mt.co.kr/04/2022/10/2022101501434256873_1.jpg, "일단 진행해" 공사비 협상 전에 착공...둔촌주공 사태 원인 됐다, https://news.mt.co.kr/mtview.php?no=2022101501434256873&type=2&sec=estate&pDepth2=Etotal, 방윤영 기자, 2022.10.18 16:45
네이버부동산, https://s.pstatic.net/imgnews/image/thumb100/032/2022/10/19/3180400.jpg, 인천 서구 부동산 허위·미끼매물 ‘최다’…2년새 60배 늘어[국감 2022], https://news/newsRead.naver?type=field&news_type_cd=10&prsco_id=032&arti_id=0003180400, 경향신문, 2022.10.19
네이버부동산, https://s.pstatic.net/imgnews/image/thumb100/417/2022/10/19/861410.jpg, 감정가 16억원대 강동구 아파트  '13억원'에 매각 진행, https://news/newsRead.naver?type=field&news_type_cd=10&prsco_id=417&arti_id=0000861410, 머니S, 2022.10.19
네이버부동산, https://s.pstatic.net/imgnews/image/thumb100/648/2022/10/19/11103.jpg, [인사이드 스토리]금융위기 '16만' 미분양 공포  재현될까?, https://news/newsRead.naver?type=field&news_type_cd=10&prsco_id=648&arti_id=0000011103, 비즈니스워치, 2022.10.19
네이버부동산, https://s.pstatic.net/imgnews/image/thumb100/008/2022/10/19/4807313.jpg, "사업비 토해라" vs "시공사 교체"…그때그때 달라지는 갑을관계, https://news/newsRead.naver?type=field&news_type_cd=10&prsco_id=008&arti_id=0004807313, 머니투데이, 2022.10.19
네이버부동산, https://s.pstatic.net/imgnews/image/thumb100/003/2022/10/19/11482513.jpg, [창사기획-부동산 10년 주기설③]270만호 공급  보금자리주택급 충격 올까, https://news/newsRead.naver?type=field&news_type_cd=10&prsco_id=003&arti_id=0011482513, 뉴시스, 2022.10.19
네이버부동산, https://s.pstatic.net/imgnews/image/thumb100/629/2022/10/19/178887.jpg, "목돈 없어요" 경기 월세 거래량 급증…전년比 35.6% '껑충', https://news/newsRead.naver?type=field&news_type_cd=10&prsco_id=629&arti_id=0000178887, 더팩트, 2022.10.19
네이버부동산, https://s.pstatic.net/imgnews/image/thumb100/015/2022/10/19/4764093.jpg, 깊어진 경기침체 우려…재개발·재건축이 해답입니다[더 머니이스트-최원철의 미래집], https://news/newsRead.naver?type=field&news_type_cd=10&prsco_id=015&arti_id=0004764093, 한국경제, 2022.10.19
네이버부동산, https://s.pstatic.net/imgnews/image/thumb100/417/2022/10/19/861376.jpg, 아파트 실거래가 하락하자 주민 분쟁… 이웃에게 "천벌 받을 거다", https://news/newsRead.naver?type=field&news_type_cd=10&prsco_id=417&arti_id=0000861376, 머니S, 2022.10.19
네이버부동산, https://s.pstatic.net/imgnews/image/thumb100/015/2022/10/19/4764090.jpg, "돈 될까 싶어 분양권 사뒀는데…" 루원시티 집주인들 '막막', https://news/newsRead.naver?type=field&news_type_cd=10&prsco_id=015&arti_id=0004764090, 한국경제, 2022.10.19
네이버부동산, https://s.pstatic.net/imgnews/image/thumb100/421/2022/10/19/6401593.jpg, 외지인 떠난 강원 주택시장…아파트에 연립까지 줄줄이 마이너스, https://news/newsRead.naver?type=field&news_type_cd=10&prsco_id=421&arti_id=0006401593, 뉴스1, 2022.10.19
네이버부동산, https://s.pstatic.net/imgnews/image/thumb100/008/2022/10/19/4807299.jpg, "일단 착공부터" 첫삽 뜨면 늘어나는 공사비...둔촌 사태 또 터진다, https://news/newsRead.naver?type=field&news_type_cd=10&prsco_id=008&arti_id=0004807299, 머니투데이, 2022.10.19
네이버부동산, https://s.pstatic.net/imgnews/image/thumb100/648/2022/10/19/11097.jpg, [집잇슈]오세훈  정비사업에 심혈?…주택침체에 엇박자, https://news/newsRead.naver?type=field&news_type_cd=10&prsco_id=648&arti_id=0000011097, 비즈니스워치, 2022.10.19
네이버부동산, https://s.pstatic.net/imgnews/image/thumb100/119/2022/10/19/2649312.jpg, 규제 풀어도 속수무책…수도권까지 미분양 공포 확산, https://news/newsRead.naver?type=field&news_type_cd=10&prsco_id=119&arti_id=0002649312, 데일리안, 2022.10.19
네이버부동산, https://s.pstatic.net/imgnews/image/thumb100/003/2022/10/19/11482454.jpg, 국평이 소형평수보다 더 싸다?…'급급매' 연속에 시세 혼란, https://news/newsRead.naver?type=field&news_type_cd=10&prsco_id=003&arti_id=0011482454, 뉴시스, 2022.10.19
네이버부동산, https://s.pstatic.net/imgnews/image/thumb100/366/2022/10/19/848352.jpg, “강남과 도심은 너무 비싸다”… 여의도에 몰리는 오피스 임차 수요, https://news/newsRead.naver?type=field&news_type_cd=10&prsco_id=366&arti_id=0000848352, 조선비즈, 2022.10.19
네이버부동산, https://s.pstatic.net/imgnews/image/thumb100/417/2022/10/19/861344.jpg, 서울 아파트 실거래가  역대 가장 많이 내렸다, https://news/newsRead.naver?type=field&news_type_cd=10&prsco_id=417&arti_id=0000861344, 머니S, 2022.10.19
네이버부동산, https://s.pstatic.net/imgnews/image/thumb100/421/2022/10/19/6401542.jpg, [집값불황생존법]②집값 하락  내집 마련 기회?…고민 깊어진 ‘신혼부부’ 어쩌나, https://news/newsRead.naver?type=field&news_type_cd=10&prsco_id=421&arti_id=0006401542, 뉴스1, 2022.10.19
네이버부동산, https://s.pstatic.net/imgnews/image/thumb100/421/2022/10/19/6401518.jpg, [르포]40평 전세 ‘2억대’ 등장…’입주폭탄’에 乙된 검단 집주인들, https://news/newsRead.naver?type=field&news_type_cd=10&prsco_id=421&arti_id=0006401518, 뉴스1, 2022.10.19
네이버부동산, https://s.pstatic.net/imgnews/image/thumb100/079/2022/10/19/3697267.jpg, "역월세 드릴테니 '제발' 살아주세요"…떨고 있는 집주인들, https://news/newsRead.naver?type=field&news_type_cd=10&prsco_id=079&arti_id=0003697267, 노컷뉴스, 2022.10.19
네이버부동산, https://s.pstatic.net/imgnews/image/thumb100/008/2022/10/19/4807276.jpg, 6억 '뚝' 은마 웃는 이유…집값 급락이 재건축 청신호 켰다?[부릿지], https://news/newsRead.naver?type=field&news_type_cd=10&prsco_id=008&arti_id=0004807276, 머니투데이, 2022.10.19
